campaign_id,start_date,end_date,platform,ad_spent,impressions,clicks
C001,2024-12-12,2024-12-26,Google,4389223,47818,9686
C002,2024-11-29,2024-12-10,YouTube,2494421,78510,6276
C003,2024-11-24,2024-12-20,Google,9474422,30235,887
C004,2024-10-03,2024-10-13,Facebook,8742394,17204,6069
C005,2024-08-31,2024-09-12,YouTube,7750352,80736,1686
C006,2024-12-19,2025-01-08,Facebook,9277473,44483,6865
C007,2024-11-03,2024-11-16,TikTok,7199147,69474,9317
C008,2024-10-26,2024-11-05,Google,7493907,58325,4506
C009,2025-01-04,2025-01-15,TikTok,8438714,36514,1819
C010,2024-10-30,2024-11-07,Facebook,8883386,46002,692
C011,2024-11-03,2024-11-16,Facebook,9180014,74480,2021
C012,2024-09-05,2024-09-16,Facebook,5090201,79548,7187
C013,2024-11-24,2024-12-17,YouTube,9698978,22854,4743
C014,2024-11-13,2024-11-23,Google,6985247,80625,8916
C015,2024-11-17,2024-11-24,Facebook,6683075,11843,3557
C016,2025-01-12,2025-01-19,Facebook,9452954,15402,8800
C017,2024-12-04,2024-12-14,Facebook,8283003,52026,7438
C018,2024-08-19,2024-09-11,Facebook,7268912,88832,1403
C019,2024-09-11,2024-09-25,Facebook,8218466,21533,3538
C020,2024-10-20,2024-11-13,YouTube,7525933,97544,8609
C021,2024-11-12,2024-12-03,YouTube,3557894,45766,6864
C022,2024-12-20,2024-12-28,Facebook,2260471,94710,6189
C023,2024-09-13,2024-09-22,YouTube,4363436,59669,9943
C024,2024-11-25,2024-12-03,Facebook,6630876,62927,7396
C025,2024-11-03,2024-11-28,Facebook,4523588,21834,6475
C026,2024-10-28,2024-11-06,Facebook,5615536,59080,5636
C027,2024-11-05,2024-11-19,YouTube,9144156,96958,1232
C028,2025-01-10,2025-02-06,Facebook,1872500,98569,666
C029,2024-09-15,2024-10-08,TikTok,1145529,82680,8726
C030,2024-10-12,2024-11-06,TikTok,4213490,94950,9174
C031,2024-08-28,2024-09-26,TikTok,9909648,69350,8842
C032,2024-09-21,2024-10-12,TikTok,1365671,49628,8971
C033,2024-10-04,2024-10-30,YouTube,9369005,93669,7534
C034,2024-09-10,2024-10-05,Facebook,1311042,29700,8636
C035,2024-09-17,2024-10-10,YouTube,4990207,93043,1352
C036,2024-10-17,2024-11-14,Facebook,4692720,84186,3557
C037,2025-01-01,2025-01-30,Facebook,6160678,23079,512
C038,2024-09-23,2024-10-12,YouTube,7068575,92021,4575
C039,2024-08-30,2024-09-13,Facebook,1293779,18198,721
C040,2024-12-02,2024-12-27,Google,1455714,51515,6727
C041,2024-08-20,2024-09-10,TikTok,6470881,16761,4159
C042,2024-10-28,2024-11-15,Google,5762161,17590,6241
C043,2024-12-31,2025-01-14,YouTube,2569418,77854,4615
C044,2025-01-02,2025-01-10,YouTube,1976713,55706,2100
C045,2024-10-31,2024-11-12,Facebook,9820250,66074,3183
C046,2024-11-04,2024-11-29,YouTube,8498388,18065,6095
C047,2025-01-06,2025-01-23,YouTube,5030417,72648,6787
C048,2024-12-08,2024-12-30,YouTube,9388099,18503,1112
C049,2024-09-14,2024-10-04,TikTok,3354328,27717,9166
C050,2024-11-14,2024-12-09,TikTok,4194121,23549,5413
C051,2024-10-17,2024-11-06,Google,6902106,36752,9955
C052,2024-09-09,2024-09-26,YouTube,4231808,23148,1286
C053,2024-09-17,2024-10-16,YouTube,9558544,71744,2953
C054,2024-10-24,2024-11-15,Google,1330451,49364,4370
C055,2025-01-11,2025-01-27,Facebook,1183318,61444,2261
C056,2024-12-17,2024-12-27,Google,2418631,37774,3068
C057,2024-12-05,2025-01-02,Google,8046007,28258,7780
C058,2024-12-22,2025-01-06,Google,9492206,98436,2070
C059,2024-10-19,2024-11-03,Google,7751218,90264,7005
C060,2024-10-28,2024-11-21,Facebook,7489054,73062,5762
C061,2024-12-19,2024-12-28,Facebook,1312108,73825,3050
C062,2024-12-11,2024-12-26,Facebook,6546454,73735,7582
C063,2024-10-12,2024-10-25,TikTok,2054872,72042,4332
C064,2024-09-22,2024-09-29,Google,9124351,55300,8593
C065,2024-11-08,2024-11-18,Facebook,3727346,72414,5008
C066,2024-12-09,2024-12-19,Google,9652855,58369,1348
C067,2024-12-08,2025-01-06,Google,6873422,18077,1471
C068,2024-12-02,2024-12-23,Google,9537718,15724,5289
C069,2024-10-05,2024-11-03,Google,3227152,63145,4925
C070,2024-09-14,2024-09-24,YouTube,3750589,78226,8767
C071,2024-12-31,2025-01-30,Facebook,5478151,87822,3205
C072,2024-11-15,2024-12-09,Facebook,9376558,26817,2733
C073,2025-01-06,2025-02-01,Google,8412048,61477,4706
C074,2024-11-03,2024-11-18,Google,3703420,12215,2425
C075,2024-08-19,2024-09-17,TikTok,7879906,52397,5502
C076,2025-01-01,2025-01-16,Google,2181496,10600,7099
C077,2025-01-08,2025-01-22,Google,8671049,19229,5673
C078,2025-01-14,2025-02-09,TikTok,8410912,55515,2886
C079,2024-08-30,2024-09-28,TikTok,9800781,52155,3304
C080,2024-10-01,2024-10-09,TikTok,3630385,57050,7180
C081,2024-11-10,2024-11-17,Facebook,5008486,42329,2663
C082,2024-09-01,2024-09-11,Google,1601725,25492,4408
C083,2024-10-02,2024-10-10,Facebook,5866677,16677,8136
C084,2025-01-11,2025-02-02,Facebook,7436679,62819,3565
C085,2024-11-09,2024-12-08,Facebook,9607099,63737,4007
C086,2024-09-15,2024-10-07,Google,6220084,62898,6788
C087,2025-01-12,2025-02-05,Facebook,3214534,33226,856
C088,2024-12-12,2024-12-23,TikTok,5534262,34428,5246
C089,2024-11-27,2024-12-10,YouTube,5324445,76290,792
C090,2024-10-19,2024-11-04,YouTube,3567508,97643,3321
C091,2024-09-22,2024-10-07,TikTok,8608267,40207,1603
C092,2024-09-12,2024-09-26,Google,6058569,43048,4633
C093,2024-12-24,2025-01-04,Facebook,5412245,52574,6420
C094,2024-08-19,2024-09-04,Facebook,9322000,45054,4114
C095,2024-11-07,2024-11-22,Facebook,6067596,55668,9403
C096,2024-10-12,2024-10-31,Facebook,1187818,55355,5188
C097,2024-08-20,2024-09-11,TikTok,8337943,14025,8558
C098,2024-11-17,2024-12-06,TikTok,9522700,30563,9044
C099,2025-01-14,2025-02-01,Google,8010816,56680,3691
C100,2024-09-06,2024-09-13,YouTube,5073171,77658,8016
C101,2024-08-22,2024-09-10,Google,1458468,43245,5266
C102,2025-01-13,2025-01-27,Google,1753906,82625,7432
C103,2024-11-12,2024-12-08,Google,6689203,45092,6404
C104,2024-11-23,2024-12-18,Google,3316449,85088,8173
C105,2024-12-05,2024-12-20,Facebook,2610201,62563,7870
C106,2024-11-14,2024-12-02,Google,9538200,78157,2558
C107,2024-10-26,2024-11-24,YouTube,4018571,60971,6176
C108,2024-10-21,2024-10-28,Google,5669964,70755,3263
C109,2024-10-19,2024-10-30,Google,2923003,84837,6287
C110,2024-12-23,2025-01-05,YouTube,5026357,92993,1934
C111,2024-11-14,2024-12-09,Facebook,7416329,96340,4119
C112,2024-10-31,2024-11-28,Google,9631603,23679,9333
C113,2024-10-03,2024-10-11,Google,2722117,23583,9842
C114,2024-09-10,2024-10-04,Google,3291524,57429,4950
C115,2024-09-02,2024-09-10,YouTube,8756442,91918,1095
C116,2024-11-22,2024-12-12,TikTok,8057659,27509,4754
C117,2025-01-14,2025-01-26,Facebook,9042077,97621,6050
C118,2024-10-11,2024-10-30,Google,5627150,30740,710
C119,2024-12-07,2024-12-27,TikTok,2736429,89370,699
C120,2024-12-23,2025-01-09,Google,2530612,33445,1696
C121,2024-11-14,2024-11-29,TikTok,4745972,54278,5011
C122,2024-09-09,2024-10-09,TikTok,4137192,50357,7476
C123,2024-11-05,2024-12-03,YouTube,9634562,13397,5171
C124,2024-12-18,2025-01-04,TikTok,2649110,31367,8728
C125,2024-08-18,2024-09-13,Google,1597024,11414,6119
C126,2024-09-26,2024-10-05,Google,2461015,63725,4230
C127,2024-10-06,2024-10-17,TikTok,2936229,33943,8087
C128,2024-11-10,2024-11-24,Facebook,7263718,14848,6452
C129,2024-09-21,2024-10-04,Google,8023701,95146,8679
C130,2024-09-13,2024-10-13,YouTube,2885874,88860,7484
C131,2024-10-13,2024-11-11,Google,7591930,81673,5965
C132,2024-08-30,2024-09-12,Facebook,3687516,22483,3520
C133,2024-11-08,2024-12-06,TikTok,1121120,54413,9912
C134,2024-12-31,2025-01-24,TikTok,5484487,81302,2095
C135,2024-11-09,2024-11-20,TikTok,8702118,83841,5690
C136,2024-11-30,2024-12-27,Google,1113755,52496,3888
C137,2024-12-31,2025-01-30,Facebook,1047246,29712,6359
C138,2024-11-04,2024-11-26,TikTok,9658726,79569,2684
C139,2024-10-26,2024-11-11,YouTube,4068110,62991,5787
C140,2024-08-31,2024-09-08,TikTok,3563603,78390,2720
C141,2024-10-11,2024-11-10,TikTok,6344496,15739,9578
C142,2024-11-14,2024-12-11,Google,4324492,75637,8908
C143,2024-11-23,2024-12-16,TikTok,3515153,25442,1601
C144,2024-10-16,2024-10-25,Google,7630327,40866,776
C145,2024-12-20,2025-01-10,Google,1557699,41363,1215
C146,2024-12-11,2024-12-27,Google,9297551,27732,8374
C147,2024-12-05,2024-12-20,Facebook,6099698,51942,1531
C148,2024-12-31,2025-01-16,TikTok,4661138,30710,3430
C149,2024-11-07,2024-12-02,Facebook,4429616,94307,5125
C150,2024-11-04,2024-11-29,YouTube,7881784,75071,4531
C151,2024-12-25,2025-01-12,Google,7043142,66873,4213
C152,2024-10-17,2024-10-26,Google,6068604,63681,7016
C153,2025-01-07,2025-01-20,Google,5051495,70066,8003
C154,2024-09-15,2024-10-13,YouTube,3637982,12325,1196
C155,2024-12-18,2024-12-28,Google,4065833,90006,2674
C156,2024-12-31,2025-01-10,Google,6642698,48789,8242
C157,2024-12-05,2024-12-13,Facebook,1603755,67553,2358
C158,2024-10-30,2024-11-10,TikTok,8933213,78666,4563
C159,2024-10-29,2024-11-27,TikTok,1146543,97664,4425
C160,2024-09-24,2024-10-09,YouTube,2987678,58944,5368
C161,2024-09-10,2024-10-06,Facebook,1072701,84876,6090
C162,2024-11-29,2024-12-10,Facebook,6405475,79259,3010
C163,2024-11-13,2024-12-08,TikTok,7780507,21335,4840
C164,2024-10-07,2024-10-30,Facebook,9755158,73872,804
C165,2025-01-03,2025-01-31,Google,4542898,82514,7705
C166,2024-09-14,2024-10-06,Google,1330697,62064,8171
C167,2024-09-04,2024-09-17,TikTok,5287410,37802,3906
C168,2024-12-04,2024-12-16,Google,8372789,11600,1033
C169,2024-10-27,2024-11-06,Google,3751905,83481,2254
C170,2024-09-07,2024-09-21,Google,1518781,78668,8435
C171,2024-08-26,2024-09-25,Facebook,4842230,86950,6611
C172,2024-09-10,2024-09-21,Google,5704639,71078,3191
C173,2024-12-09,2025-01-02,TikTok,9220157,12269,2016
C174,2024-11-18,2024-12-15,Google,2726591,60792,5614
C175,2024-08-23,2024-09-11,TikTok,7585311,23235,7549
C176,2024-12-19,2025-01-11,Google,5381726,99175,1374
C177,2024-11-15,2024-11-28,Google,3791706,77797,5687
C178,2024-08-24,2024-09-10,YouTube,4974763,17783,1731
C179,2024-10-05,2024-11-02,Facebook,3068748,61914,7575
C180,2024-10-14,2024-10-27,Google,4373981,65186,7894
C181,2024-11-20,2024-12-18,Google,7111575,53381,6883
C182,2024-08-28,2024-09-10,YouTube,1905177,74763,2580
C183,2024-09-01,2024-09-10,Facebook,3271783,54940,7477
C184,2024-11-05,2024-12-01,Facebook,9456698,55418,5325
C185,2024-09-16,2024-10-02,Google,7403603,34622,5715
C186,2024-11-22,2024-12-21,Google,4067833,12501,9496
C187,2024-08-28,2024-09-05,Google,4654983,26196,7657
C188,2024-09-10,2024-10-04,Facebook,4327502,69607,855
C189,2024-11-04,2024-11-16,TikTok,5731202,83114,7891
C190,2025-01-05,2025-01-25,Google,6091348,43527,2988
C191,2024-10-16,2024-11-09,Google,7159543,85686,1763
C192,2024-11-22,2024-12-02,TikTok,9160694,53059,5489
C193,2024-12-12,2024-12-20,YouTube,9687920,28780,5944
C194,2024-08-26,2024-09-16,Facebook,1582275,76558,6189
C195,2024-11-24,2024-12-10,Google,8615997,74109,1563
C196,2024-09-20,2024-09-27,Facebook,3714774,47992,5596
C197,2024-09-27,2024-10-13,YouTube,2250794,98927,8142
C198,2025-01-08,2025-02-07,Google,5282320,88436,2451
C199,2024-12-23,2025-01-15,Google,6185566,17847,2398
C200,2024-10-20,2024-11-11,YouTube,1040133,78838,3268
C201,2024-12-15,2024-12-29,YouTube,9848751,91012,1650
C202,2024-12-27,2025-01-23,Google,5579778,72261,7455
C203,2024-10-07,2024-10-21,Google,7493158,11868,9165
C204,2024-08-25,2024-09-09,TikTok,8936993,22587,7907
C205,2024-08-17,2024-09-06,TikTok,5733782,32980,2456
C206,2024-11-20,2024-12-16,Facebook,3955916,61128,2613
C207,2024-10-06,2024-10-21,TikTok,5119439,86143,9975
C208,2024-12-23,2025-01-09,YouTube,4506563,66601,9881
C209,2024-11-17,2024-12-01,TikTok,7869707,68460,3504
C210,2024-11-15,2024-12-14,YouTube,6100016,29198,7146
C211,2024-10-29,2024-11-24,Facebook,5994459,38545,3209
C212,2024-09-20,2024-09-27,Facebook,8883543,37158,6046
C213,2024-10-12,2024-11-10,YouTube,2978557,10638,9170
C214,2024-11-06,2024-11-15,TikTok,7662868,39402,7542
C215,2025-01-10,2025-01-19,Google,8098973,44184,5225
C216,2024-11-24,2024-12-11,TikTok,5656480,96628,1730
C217,2024-09-29,2024-10-29,Google,7825850,86262,8197
C218,2024-10-06,2024-10-28,Facebook,7575021,48559,6550
C219,2025-01-14,2025-02-11,TikTok,4223008,18514,4740
C220,2024-08-31,2024-09-13,Facebook,4207038,60270,7542
C221,2024-09-20,2024-10-11,YouTube,1784947,52730,2705
C222,2024-10-01,2024-10-16,Facebook,7718121,97374,4228
C223,2024-09-15,2024-10-12,YouTube,7545451,91275,5556
C224,2024-08-30,2024-09-20,YouTube,5065274,44711,1161
C225,2024-09-14,2024-10-07,Facebook,4420977,39048,5483
C226,2024-09-29,2024-10-09,TikTok,3601531,79318,594
C227,2024-08-17,2024-09-04,Google,7938821,53309,8489
C228,2024-12-24,2025-01-17,Google,1734751,94360,3726
C229,2024-12-18,2025-01-06,YouTube,2851668,96871,6229
C230,2024-11-25,2024-12-15,Facebook,4638711,15711,9427
C231,2024-11-23,2024-12-05,YouTube,5468747,27635,7912
C232,2024-08-18,2024-09-07,YouTube,5122637,11899,3510
C233,2024-11-27,2024-12-21,TikTok,2340620,16808,4676
C234,2024-10-31,2024-11-14,TikTok,7371871,10700,3925
C235,2024-12-01,2024-12-09,Google,4174639,79753,6270
C236,2024-12-31,2025-01-12,TikTok,7356443,67108,5692
C237,2024-08-25,2024-09-05,Google,2123763,31186,7740
C238,2024-08-20,2024-09-07,Facebook,8905997,55962,1651
C239,2024-08-23,2024-09-02,Google,9395093,22888,3406
C240,2024-11-26,2024-12-10,Facebook,1528858,50725,9288
C241,2024-12-17,2025-01-02,Google,1904645,34339,9259
C242,2024-08-21,2024-09-04,YouTube,6506640,19640,2539
C243,2024-09-14,2024-10-08,Facebook,6393651,95708,7034
C244,2024-08-20,2024-09-16,Facebook,1942357,97153,9396
C245,2024-12-23,2025-01-20,Facebook,3530456,75234,2084
C246,2024-08-21,2024-08-28,YouTube,2623886,70981,9312
C247,2024-12-11,2024-12-31,TikTok,1769391,31444,8061
C248,2024-09-21,2024-10-17,YouTube,3680226,25413,5719
C249,2024-08-20,2024-09-09,TikTok,7023347,45093,9335
C250,2024-12-02,2024-12-20,TikTok,7829527,35710,3182
C251,2024-12-19,2025-01-04,Facebook,7619082,37741,3592
C252,2024-09-17,2024-10-16,YouTube,4041516,82427,3984
C253,2024-10-20,2024-10-30,Facebook,8313768,82541,4824
C254,2024-10-19,2024-11-18,TikTok,4503596,30056,6429
C255,2024-10-19,2024-11-01,YouTube,3334398,21409,5810
C256,2024-12-08,2025-01-03,YouTube,2976250,16403,3995
C257,2025-01-04,2025-01-11,TikTok,3839469,71970,8827
C258,2024-11-20,2024-12-02,TikTok,2033462,64942,9906
C259,2024-12-15,2024-12-28,Google,1104351,85094,6372
C260,2024-12-23,2025-01-22,TikTok,6327846,99006,6143
C261,2024-10-27,2024-11-15,Google,2035885,97434,9953
C262,2024-11-16,2024-11-27,YouTube,1371444,93207,7233
C263,2024-09-10,2024-10-08,YouTube,2046180,78350,7796
C264,2024-12-17,2024-12-28,TikTok,7403030,63413,6179
C265,2024-09-16,2024-09-29,TikTok,4232172,45229,6543
C266,2024-08-25,2024-09-18,TikTok,7576436,20886,9784
C267,2024-09-28,2024-10-12,YouTube,1079420,62811,3428
C268,2024-08-28,2024-09-10,YouTube,2185890,95801,560
C269,2024-10-30,2024-11-12,Google,5647062,43761,6994
C270,2024-12-29,2025-01-22,Google,5804395,35332,3840
C271,2024-12-17,2025-01-10,Facebook,7966722,19153,2833
C272,2024-10-23,2024-10-30,YouTube,4143705,80108,9088
C273,2024-10-15,2024-11-14,TikTok,3266852,38191,7256
C274,2024-10-06,2024-10-19,TikTok,1652598,27100,4754
C275,2024-11-11,2024-12-11,YouTube,3576702,74468,4257
C276,2024-12-04,2024-12-24,TikTok,9999013,93509,3530
C277,2024-10-08,2024-10-26,YouTube,8231219,64880,2359
C278,2024-10-05,2024-10-22,Facebook,2103261,55867,6934
C279,2024-10-23,2024-11-22,TikTok,6440241,54925,5184
C280,2024-09-30,2024-10-25,Facebook,8015712,24447,6753
C281,2024-10-31,2024-11-13,Google,2000871,39549,5668
C282,2024-11-30,2024-12-28,YouTube,9799539,10655,1850
C283,2025-01-05,2025-01-12,Facebook,3778006,57727,2829
C284,2024-08-26,2024-09-23,Google,4717286,57944,4231
C285,2024-09-10,2024-10-08,Google,2375366,21525,4540
C286,2024-11-30,2024-12-09,Facebook,3177741,13129,1277
C287,2024-12-09,2024-12-25,TikTok,7905728,75296,8193
C288,2024-08-21,2024-09-14,Google,9484860,57460,6269
C289,2024-10-09,2024-10-24,Facebook,3459928,29284,8526
C290,2024-09-09,2024-09-28,Google,7706955,24675,3867
C291,2024-08-23,2024-09-17,YouTube,1172115,93378,5150
C292,2024-11-20,2024-12-14,TikTok,7710114,95212,1664
C293,2025-01-12,2025-02-06,YouTube,6615104,92315,7379
C294,2024-12-17,2024-12-24,TikTok,7130846,42236,6166
C295,2024-10-25,2024-11-11,YouTube,1967827,67056,6905
C296,2024-08-20,2024-09-09,YouTube,9210222,19948,6878
C297,2024-10-04,2024-10-27,Facebook,9593978,24025,5537
C298,2024-09-05,2024-09-27,Google,7973456,13032,1384
C299,2024-09-10,2024-09-17,Google,3093645,21854,3163
C300,2024-10-19,2024-11-03,Google,7194316,89237,3423
C301,2024-12-02,2024-12-29,Facebook,6649496,42784,4719
C302,2024-09-17,2024-09-27,YouTube,4411072,94744,564
C303,2024-12-28,2025-01-09,YouTube,7474821,16142,1705
C304,2024-10-20,2024-11-02,Facebook,7171700,46083,867
C305,2024-10-22,2024-11-11,Facebook,8592260,39940,7171
C306,2024-08-22,2024-09-21,TikTok,7830046,88746,8077
C307,2024-09-23,2024-10-12,TikTok,6601964,21852,9844
C308,2024-10-04,2024-10-15,Facebook,3199625,32704,9456
C309,2024-08-22,2024-09-10,YouTube,4471187,93112,1349
C310,2024-11-30,2024-12-27,Google,6701560,37854,2405
C311,2024-09-26,2024-10-23,YouTube,8639752,71160,578
C312,2024-11-24,2024-12-16,Facebook,8750410,10466,5195
C313,2024-12-23,2025-01-12,TikTok,8215054,88842,3649
C314,2024-12-18,2025-01-17,Google,1315889,48155,6295
C315,2024-10-27,2024-11-06,YouTube,9572270,79659,2512
C316,2024-12-23,2025-01-01,Facebook,7295554,49545,9349
C317,2024-11-27,2024-12-15,Google,6052704,95687,1840
C318,2024-12-11,2024-12-21,YouTube,4626150,57394,7582
C319,2024-10-02,2024-10-23,Google,9674098,78245,4621
C320,2024-09-16,2024-10-13,Google,8197915,59808,2171
C321,2024-08-20,2024-09-14,Facebook,5836816,17662,6526
C322,2024-12-05,2025-01-03,TikTok,9364418,56652,3177
C323,2024-09-28,2024-10-19,Facebook,1382918,13859,1197
C324,2025-01-05,2025-01-24,TikTok,6240383,14018,5302
C325,2024-10-07,2024-11-03,YouTube,9950726,65513,7792
C326,2024-10-23,2024-11-16,YouTube,1668433,62530,4351
C327,2024-11-26,2024-12-17,YouTube,2852349,80012,9647
C328,2024-08-23,2024-09-04,Facebook,4944602,49123,5421
C329,2024-10-21,2024-11-09,TikTok,7575257,56889,541
C330,2024-09-04,2024-10-01,Google,6995422,53588,4432
C331,2024-11-06,2024-11-19,Google,2682716,25020,9879
C332,2024-11-07,2024-11-30,TikTok,9133181,75503,6891
C333,2025-01-05,2025-01-22,Facebook,9135139,33712,4134
C334,2024-08-24,2024-09-01,Facebook,4509054,54880,1287
C335,2024-10-09,2024-11-06,YouTube,8260854,30839,6912
C336,2024-12-01,2024-12-20,Facebook,7359084,12986,2283
C337,2024-11-16,2024-11-24,Facebook,8942926,27381,7670
C338,2024-10-23,2024-11-21,YouTube,8911177,38464,5645
C339,2024-10-08,2024-11-06,Google,1495502,90697,9621
C340,2024-11-19,2024-12-18,TikTok,5819583,76068,5764
C341,2024-12-23,2025-01-03,Google,9459767,47912,6791
C342,2024-10-23,2024-11-14,YouTube,6018565,81161,4137
C343,2024-10-28,2024-11-10,TikTok,3311399,97044,4953
C344,2024-09-25,2024-10-07,Facebook,9686948,87481,6150
C345,2024-11-14,2024-11-21,Facebook,7278301,23470,2850
C346,2024-09-16,2024-10-10,TikTok,2188091,39141,5058
C347,2024-10-04,2024-11-01,TikTok,2345373,72270,4323
C348,2024-12-30,2025-01-29,Google,6608883,32308,8326
C349,2024-09-26,2024-10-06,Google,6960751,71049,4604
C350,2025-01-14,2025-02-11,Google,2928498,71699,923
C351,2024-12-26,2025-01-12,YouTube,4950874,37419,6234
C352,2025-01-09,2025-01-31,Facebook,8785408,31117,8125
C353,2024-09-06,2024-09-29,YouTube,9827074,28266,8466
C354,2024-10-27,2024-11-25,Google,1618796,48848,5504
C355,2024-10-11,2024-11-10,Facebook,3480063,70691,6021
C356,2024-12-25,2025-01-13,Google,4038906,88586,7267
C357,2024-12-14,2025-01-12,Google,8322053,31773,6744
C358,2024-10-31,2024-11-12,TikTok,7758594,71111,4669
C359,2024-12-28,2025-01-10,YouTube,1067059,20357,9105
C360,2024-12-22,2025-01-17,YouTube,8494930,72782,1165
C361,2024-12-24,2025-01-06,Google,2004624,57444,6837
C362,2024-11-25,2024-12-08,TikTok,9029508,29062,6314
C363,2024-11-13,2024-12-12,Facebook,8862131,60194,2913
C364,2024-09-27,2024-10-25,TikTok,1883628,33548,7007
C365,2024-11-11,2024-11-24,YouTube,1166173,60243,3578
C366,2024-12-18,2025-01-13,Facebook,8908289,85584,9317
C367,2024-08-25,2024-09-04,YouTube,4432687,48628,828
C368,2024-10-16,2024-11-06,TikTok,1905980,68924,3221
C369,2024-12-05,2024-12-16,Google,9144367,75431,1922
C370,2024-10-21,2024-11-11,Google,2386201,17942,9272
C371,2024-09-20,2024-09-30,TikTok,4375134,89680,7568
C372,2024-08-29,2024-09-17,YouTube,2521817,87303,7241
C373,2024-11-01,2024-11-10,Google,4124223,34205,8162
C374,2024-09-09,2024-09-26,YouTube,6808535,26216,2370
C375,2024-09-11,2024-10-03,Google,4130499,14546,6107
C376,2024-10-24,2024-11-07,YouTube,3799544,52553,3155
C377,2024-12-22,2025-01-03,Google,3392220,63661,2022
C378,2024-10-05,2024-10-27,Facebook,1448909,87862,8070
C379,2024-08-19,2024-09-05,TikTok,2524416,73267,1030
C380,2025-01-03,2025-01-29,YouTube,5654939,60536,1602
C381,2025-01-08,2025-01-28,TikTok,7788266,40680,8110
C382,2024-12-20,2025-01-19,TikTok,4219346,14826,6598
C383,2024-12-14,2025-01-04,Google,4523917,69331,9780
C384,2025-01-14,2025-01-24,Facebook,3597270,83237,6847
C385,2024-08-19,2024-09-13,Facebook,8129151,97865,2285
C386,2025-01-11,2025-01-30,YouTube,3638044,79712,2729
C387,2024-12-13,2024-12-27,TikTok,8512840,49865,1994
C388,2024-10-29,2024-11-07,TikTok,6510903,38444,3314
C389,2024-09-10,2024-10-03,Facebook,3298264,18310,2222
C390,2024-10-17,2024-11-12,TikTok,2054854,97873,623
C391,2024-10-18,2024-11-07,Google,5133465,67934,721
C392,2024-12-23,2025-01-10,Facebook,6909467,19062,9055
C393,2025-01-07,2025-01-25,TikTok,3524246,37092,6071
C394,2024-10-28,2024-11-24,Facebook,2832010,80337,746
C395,2024-12-13,2024-12-31,YouTube,2253822,62038,4457
C396,2024-11-15,2024-11-22,TikTok,1706470,50559,2415
C397,2025-01-09,2025-02-05,TikTok,8475146,80138,4484
C398,2024-09-28,2024-10-26,Google,7076534,93765,4154
C399,2024-11-01,2024-12-01,Google,2951150,49440,5950
C400,2024-11-07,2024-12-05,TikTok,2117833,20593,2081
C401,2024-12-04,2024-12-19,YouTube,2087792,38872,3281
C402,2024-09-26,2024-10-11,TikTok,7224941,83029,4393
C403,2024-11-08,2024-11-18,Google,7714882,64235,6614
C404,2024-09-28,2024-10-06,Google,1845424,48262,679
C405,2024-12-03,2024-12-31,TikTok,8749647,25318,6124
C406,2024-09-16,2024-09-27,Facebook,5984612,16220,7861
C407,2024-10-27,2024-11-10,TikTok,8160588,65486,4441
C408,2024-09-07,2024-09-28,Facebook,5493951,19622,4246
C409,2024-10-16,2024-11-02,Google,7786969,32754,5802
C410,2024-12-16,2024-12-30,YouTube,3897866,20803,5359
C411,2024-11-02,2024-11-24,Google,3766306,38041,4776
C412,2024-09-21,2024-10-10,YouTube,9370954,71414,3384
C413,2024-09-17,2024-10-16,Google,2834702,35432,6902
C414,2024-10-29,2024-11-24,Facebook,6723386,11616,8232
C415,2024-10-28,2024-11-08,Facebook,3783330,24986,3251
C416,2024-11-10,2024-11-17,Google,3651454,79580,2757
C417,2025-01-10,2025-01-20,Google,8928258,93938,9461
C418,2024-09-15,2024-10-12,Facebook,9347571,12462,7880
C419,2024-09-08,2024-10-07,Facebook,6888558,26911,2484
C420,2024-08-21,2024-09-14,Google,8029470,40516,9883
C421,2024-12-11,2024-12-20,Google,5615579,58748,8441
C422,2024-11-28,2024-12-11,TikTok,7477470,73980,9676
C423,2024-10-20,2024-11-08,YouTube,1039279,70084,3705
C424,2024-11-13,2024-11-25,Google,9984255,48019,6522
C425,2024-11-23,2024-12-08,Google,2148898,72407,4575
C426,2024-10-14,2024-10-22,YouTube,8718525,37732,8110
C427,2024-10-23,2024-11-11,TikTok,3633085,72077,5061
C428,2024-11-05,2024-11-22,Google,3006611,93933,4414
C429,2024-09-17,2024-10-07,YouTube,9453009,55090,1433
C430,2024-12-23,2025-01-02,Google,6031070,50029,930
C431,2024-09-07,2024-09-26,Google,1772608,77986,3660
C432,2024-10-22,2024-11-12,Facebook,4941032,89016,6589
C433,2024-11-28,2024-12-09,TikTok,6386987,10348,548
C434,2024-09-02,2024-09-22,Google,3418902,62046,8756
C435,2024-10-01,2024-10-15,YouTube,1862159,83393,6490
C436,2024-12-10,2025-01-09,YouTube,3347847,31119,9629
C437,2024-11-28,2024-12-09,Facebook,7767223,32227,8722
C438,2024-10-17,2024-10-31,YouTube,4855357,28270,3230
C439,2024-09-03,2024-09-22,Facebook,7205704,22159,6583
C440,2024-12-08,2025-01-04,TikTok,9919981,44984,628
C441,2024-11-02,2024-11-11,Google,7481283,46697,9485
C442,2024-09-29,2024-10-24,TikTok,1219055,86199,4059
C443,2025-01-09,2025-01-30,Google,3301717,25311,3091
C444,2024-10-27,2024-11-15,TikTok,6608668,52767,3407
C445,2024-12-03,2024-12-21,TikTok,1989217,58492,5993
C446,2024-12-17,2025-01-13,TikTok,6791524,88458,7935
C447,2024-10-11,2024-10-20,YouTube,8526921,83359,3818
C448,2024-12-05,2024-12-25,YouTube,1715908,14170,3485
C449,2024-10-14,2024-11-13,YouTube,3485158,12961,8126
C450,2024-08-27,2024-09-16,Google,3573703,91955,5051
C451,2024-08-26,2024-09-17,TikTok,6894805,99921,8827
C452,2024-12-08,2025-01-01,TikTok,1679684,95268,5174
C453,2024-10-06,2024-11-04,TikTok,5246623,13119,7198
C454,2024-10-04,2024-10-13,Google,5611975,59940,7932
C455,2024-12-13,2025-01-05,YouTube,7307060,43468,5100
C456,2024-12-20,2024-12-30,YouTube,1555330,84258,8408
C457,2024-11-10,2024-11-22,Facebook,2386169,73336,7093
C458,2024-09-10,2024-10-05,TikTok,4209011,42947,5989
C459,2024-10-30,2024-11-10,YouTube,9904777,62654,512
C460,2024-10-22,2024-11-02,Facebook,7467443,24385,7749
C461,2024-10-25,2024-11-17,TikTok,3705469,73324,971
C462,2025-01-07,2025-02-03,TikTok,6170831,79489,8748
C463,2024-12-12,2024-12-27,Google,9776177,86237,2666
C464,2024-08-26,2024-09-18,TikTok,2164914,79736,9302
C465,2024-09-04,2024-10-03,TikTok,4072240,26013,4392
C466,2024-10-09,2024-10-30,Facebook,6661055,81721,2605
C467,2024-11-20,2024-12-08,YouTube,3054851,47201,1520
C468,2024-12-29,2025-01-14,TikTok,1867173,53873,1418
C469,2024-12-14,2025-01-04,Google,1975423,93971,8664
C470,2024-11-24,2024-12-06,Facebook,1231214,56090,2092
C471,2024-09-14,2024-09-25,Facebook,2060347,86452,2606
C472,2024-11-13,2024-11-29,Facebook,2119401,40935,7414
C473,2024-11-24,2024-12-04,TikTok,8000413,35883,9547
C474,2024-10-20,2024-11-15,TikTok,8322404,28147,8957
C475,2024-09-05,2024-10-05,TikTok,5849588,99458,672
C476,2024-08-29,2024-09-12,Facebook,9221708,40908,657
C477,2024-11-10,2024-11-17,TikTok,9549847,10553,4592
C478,2024-11-27,2024-12-27,Google,8317367,88925,6040
C479,2024-11-11,2024-12-01,TikTok,1199807,69443,6100
C480,2024-11-20,2024-12-16,Google,2400982,45201,954
C481,2025-01-10,2025-01-31,Google,5928916,79253,9189
C482,2024-11-05,2024-11-14,Google,5365971,10249,5318
C483,2024-10-29,2024-11-27,YouTube,7089727,37647,2619
C484,2024-12-20,2025-01-02,YouTube,1750615,74703,2259
C485,2024-12-01,2024-12-15,YouTube,4308981,93166,8473
C486,2024-10-21,2024-11-11,Facebook,3166760,94407,1608
C487,2024-11-10,2024-12-02,Facebook,9879745,96603,713
C488,2025-01-10,2025-02-05,Google,1593836,48245,834
C489,2024-09-04,2024-09-25,YouTube,8680550,80127,2515
C490,2025-01-09,2025-01-27,Google,5724019,94511,3070
C491,2024-11-09,2024-12-04,Google,1743201,92643,633
C492,2024-08-27,2024-09-20,Google,2397822,87987,5054
C493,2024-11-26,2024-12-03,Google,2943461,18150,5802
C494,2024-08-19,2024-09-02,YouTube,6899320,44405,3307
C495,2024-12-16,2025-01-09,TikTok,8167372,10856,7629
C496,2024-11-12,2024-11-24,Facebook,6714883,82802,3162
C497,2024-09-14,2024-10-11,TikTok,7133481,32954,9597
C498,2024-12-11,2024-12-22,YouTube,1087418,82446,3739
C499,2024-09-14,2024-10-05,TikTok,7017956,36880,8840
C500,2024-11-19,2024-12-16,Facebook,2270996,48901,5324
C501,2024-10-24,2024-11-21,YouTube,4987419,25274,5596
C502,2025-01-10,2025-01-30,TikTok,8362053,87881,8680
C503,2024-09-14,2024-10-02,YouTube,7096244,45338,3967
C504,2024-08-23,2024-09-08,TikTok,4200009,24235,576
C505,2024-09-19,2024-10-16,TikTok,6433336,97662,2618
C506,2024-11-02,2024-11-28,TikTok,3384803,58012,3165
C507,2024-10-15,2024-11-05,Google,5358223,78937,6049
C508,2024-12-16,2025-01-09,YouTube,1985319,36822,6476
C509,2024-11-24,2024-12-05,TikTok,3668843,12472,8079
C510,2024-10-16,2024-11-06,Google,5438006,30062,9355
C511,2024-09-08,2024-10-05,Google,1968570,32919,1337
C512,2024-10-13,2024-10-23,Facebook,5975412,11268,7240
C513,2024-11-30,2024-12-23,YouTube,4889385,50029,7117
C514,2024-10-03,2024-10-31,YouTube,2419434,79326,839
C515,2024-09-19,2024-10-14,YouTube,4781183,88877,3530
C516,2024-10-14,2024-11-10,Facebook,7951898,41666,5364
C517,2025-01-10,2025-02-03,Facebook,8138702,57222,7716
C518,2024-12-22,2025-01-01,Google,9109063,98932,3552
C519,2025-01-01,2025-01-30,TikTok,1497378,45275,5298
C520,2024-09-17,2024-10-16,Google,5500368,82350,1641
C521,2024-10-17,2024-11-03,Facebook,7585270,35675,8724
C522,2024-08-25,2024-09-21,Facebook,7543543,93641,4251
C523,2024-08-30,2024-09-17,TikTok,2020160,83997,5374
C524,2024-12-30,2025-01-07,Google,7967330,16758,1489
C525,2024-11-21,2024-12-19,TikTok,7693461,73935,7302
C526,2024-09-14,2024-10-13,YouTube,8066225,25539,6391
C527,2025-01-12,2025-02-11,YouTube,3184043,39373,9972
C528,2024-11-11,2024-12-02,Facebook,6201273,96481,3933
C529,2025-01-04,2025-01-26,Google,7471140,57540,8119
C530,2024-10-02,2024-10-17,YouTube,7744242,83497,7237
C531,2024-12-23,2025-01-12,Facebook,4337907,14714,8220
C532,2024-10-03,2024-10-10,Google,2725520,26928,5332
C533,2024-08-19,2024-08-29,Google,9241354,56400,6584
C534,2024-09-21,2024-10-06,TikTok,9807316,81058,2045
C535,2024-11-16,2024-12-12,YouTube,3355753,63502,7452
C536,2024-11-18,2024-11-25,Facebook,2873817,96501,9358
C537,2025-01-12,2025-02-03,Google,3778344,31862,1523
C538,2024-12-25,2025-01-19,Google,3829006,51755,8781
C539,2024-12-26,2025-01-14,Facebook,6081983,84383,5999
C540,2024-11-26,2024-12-14,Facebook,6217953,30539,1383
C541,2024-12-10,2024-12-29,Google,4673722,37451,5042
C542,2024-11-02,2024-11-11,TikTok,8987992,36381,9559
C543,2024-12-23,2025-01-12,YouTube,9212604,13573,5149
C544,2025-01-12,2025-01-30,Facebook,1827710,41833,6159
C545,2024-11-25,2024-12-03,TikTok,3353473,17273,9504
C546,2024-12-07,2024-12-27,TikTok,3557779,38911,8616
C547,2024-09-18,2024-09-28,TikTok,3216039,29586,8669
C548,2024-12-10,2024-12-18,YouTube,2617344,30119,4939
C549,2024-12-23,2025-01-08,Google,3183181,54163,6724
C550,2024-10-03,2024-10-20,Google,6317781,55468,6774
C551,2024-12-12,2024-12-28,YouTube,1447337,14130,4251
C552,2024-11-12,2024-12-10,Facebook,5582730,32618,5975
C553,2024-09-08,2024-10-05,Google,8369540,64881,5856
C554,2024-10-24,2024-11-23,TikTok,6757347,42312,9736
C555,2024-12-12,2025-01-06,TikTok,7036672,12580,576
C556,2024-09-19,2024-10-18,Google,3367845,67355,8208
C557,2024-08-17,2024-09-04,YouTube,4239497,88318,8854
C558,2024-11-17,2024-12-14,TikTok,1467827,45809,8839
C559,2024-08-26,2024-09-15,TikTok,2438010,75611,5302
C560,2024-08-28,2024-09-14,TikTok,7332604,79484,1693
C561,2024-11-20,2024-12-20,TikTok,1666457,43636,6410
C562,2024-11-05,2024-12-04,TikTok,4304032,76561,8857
C563,2024-10-03,2024-10-15,Facebook,2722804,40997,8227
C564,2024-09-04,2024-10-02,Facebook,8586984,84655,9683
C565,2024-08-29,2024-09-06,Facebook,4506471,53761,3201
C566,2024-11-03,2024-11-22,Google,9027617,17295,7490
C567,2024-11-21,2024-12-18,YouTube,5441085,17654,5556
C568,2024-12-29,2025-01-20,Facebook,4507025,29629,7764
C569,2025-01-05,2025-01-30,YouTube,4113010,67730,5447
C570,2024-12-04,2024-12-14,YouTube,3729055,59197,8372
C571,2024-09-10,2024-10-06,TikTok,2504894,75432,3005
C572,2024-08-25,2024-09-10,YouTube,1750276,96139,3121
C573,2024-09-06,2024-10-05,TikTok,6790049,89885,5946
C574,2025-01-04,2025-01-12,Google,2621365,93818,1027
C575,2024-11-12,2024-12-06,TikTok,2722168,22870,2484
C576,2024-11-07,2024-11-27,YouTube,2607660,24489,9371
C577,2024-09-25,2024-10-20,YouTube,4553574,79150,8400
C578,2024-11-09,2024-11-22,TikTok,9792187,36317,8313
C579,2024-11-02,2024-11-10,Google,5715241,78848,9372
C580,2024-08-25,2024-09-11,Facebook,4251587,36477,9578
C581,2024-12-20,2024-12-28,Google,6650539,44171,9711
C582,2024-09-01,2024-09-13,Google,4679655,78526,2361
C583,2025-01-11,2025-01-23,Google,2943536,47739,3493
C584,2024-09-12,2024-09-19,TikTok,7630862,67548,2225
C585,2024-10-20,2024-11-13,Facebook,1162656,81347,6882
C586,2024-11-03,2024-11-17,YouTube,1121332,88759,5650
C587,2024-12-05,2024-12-19,Google,2037073,48182,3612
C588,2024-10-16,2024-10-25,Facebook,1142298,15859,1649
C589,2025-01-14,2025-02-08,YouTube,2456566,35322,4006
C590,2024-12-22,2025-01-07,YouTube,8068372,75266,5770
C591,2024-11-16,2024-12-07,YouTube,5713568,58583,4768
C592,2024-10-14,2024-10-28,YouTube,3611997,99768,5339
C593,2024-12-12,2024-12-31,YouTube,6352115,33540,7417
C594,2024-09-05,2024-10-05,YouTube,2896372,92205,8136
C595,2025-01-10,2025-02-08,TikTok,2696539,51737,552
C596,2024-09-23,2024-10-15,TikTok,5336021,89545,1741
C597,2024-12-14,2025-01-11,Google,1110972,91730,7880
C598,2024-09-16,2024-09-26,Google,8614222,61762,8384
C599,2024-10-07,2024-11-01,TikTok,3541186,24453,2512
C600,2024-10-23,2024-11-04,TikTok,2086792,38873,8683
C601,2024-09-19,2024-10-05,YouTube,5977012,38622,5721
C602,2024-09-18,2024-10-13,Google,5831251,97663,3429
C603,2024-11-30,2024-12-27,YouTube,1346946,66410,1069
C604,2024-09-08,2024-09-29,Google,7647060,93142,9827
C605,2025-01-12,2025-01-28,TikTok,1239975,74653,4944
C606,2025-01-08,2025-01-29,TikTok,2765373,95333,7321
C607,2024-08-21,2024-09-01,YouTube,3610014,48716,9257
C608,2024-12-25,2025-01-08,TikTok,5041894,49409,5814
C609,2024-09-17,2024-10-04,Facebook,4218754,80291,8680
C610,2024-12-07,2025-01-02,Google,3618255,87015,6764
C611,2024-12-29,2025-01-23,Facebook,1483412,26358,1266
C612,2024-10-08,2024-10-24,Facebook,4088772,69665,2907
C613,2024-09-19,2024-09-26,YouTube,9272067,82685,6462
C614,2024-11-08,2024-12-01,YouTube,4874856,43125,4479
C615,2024-11-30,2024-12-17,Google,9703573,84533,9585
C616,2024-08-20,2024-09-15,Facebook,8476429,85774,8773
C617,2024-11-02,2024-11-25,TikTok,4952748,79775,1892
C618,2024-10-03,2024-10-11,Facebook,4133199,40776,4928
C619,2024-09-04,2024-09-11,Facebook,3859336,33427,5991
C620,2024-08-30,2024-09-18,Google,7387197,22324,5103
C621,2024-09-16,2024-10-12,Facebook,9522491,19343,9643
C622,2024-09-04,2024-09-19,Google,1897847,97449,837
C623,2025-01-14,2025-01-29,Facebook,4893544,49113,4382
C624,2024-09-16,2024-09-23,YouTube,9408766,30839,7081
C625,2024-12-04,2024-12-14,Facebook,8874785,22068,6327
C626,2024-11-03,2024-11-14,Facebook,9100248,22788,1578
C627,2024-12-25,2025-01-05,Facebook,3631486,57737,562
C628,2024-11-09,2024-11-23,Facebook,8588265,26887,9588
C629,2024-10-27,2024-11-03,TikTok,2347563,42174,7695
C630,2024-11-15,2024-11-27,YouTube,5547097,37089,2609
C631,2024-12-27,2025-01-22,Google,7382024,97208,3695
C632,2024-10-31,2024-11-07,Facebook,6331809,95861,2768
C633,2024-12-11,2025-01-01,TikTok,3126221,30394,3198
C634,2024-12-24,2025-01-12,YouTube,5813715,12234,2673
C635,2024-08-18,2024-09-07,TikTok,7465462,18870,9335
C636,2024-10-06,2024-10-23,TikTok,4660562,18534,4699
C637,2025-01-05,2025-01-27,Facebook,3311178,40798,1766
C638,2024-12-28,2025-01-06,YouTube,2160388,79674,9029
C639,2024-09-20,2024-10-14,Google,2244716,35926,9992
C640,2024-12-14,2025-01-05,YouTube,4972649,59292,8910
C641,2024-09-10,2024-09-23,YouTube,3537708,58502,3738
C642,2024-11-06,2024-11-22,Facebook,8146272,50395,3542
C643,2024-08-31,2024-09-23,YouTube,5502117,40907,1517
C644,2024-10-26,2024-11-05,TikTok,7285285,28103,1677
C645,2024-10-25,2024-11-16,TikTok,8285366,25400,4830
C646,2024-11-03,2024-12-03,Google,3878336,47761,5841
C647,2024-09-01,2024-10-01,Facebook,4324575,91021,4647
C648,2024-11-21,2024-12-21,Facebook,9361739,12351,3605
C649,2024-08-25,2024-09-23,YouTube,3395153,65951,4361
C650,2024-12-21,2024-12-31,Google,2601367,89945,7472
C651,2024-10-05,2024-10-20,TikTok,8291889,19393,1383
C652,2024-09-11,2024-10-02,YouTube,2586749,65904,3919
C653,2024-09-28,2024-10-24,YouTube,9069928,10673,944
C654,2024-11-25,2024-12-18,TikTok,3307717,67363,5863
C655,2024-09-24,2024-10-07,Facebook,3222710,88010,9959
C656,2024-12-08,2024-12-28,YouTube,5356394,97605,8096
C657,2024-09-23,2024-10-06,Google,3164573,10074,9853
C658,2024-10-11,2024-11-09,TikTok,6016129,16352,1552
C659,2024-11-29,2024-12-14,Facebook,3307236,75648,7282
C660,2024-09-22,2024-10-17,Google,3881562,20261,2224
C661,2024-11-18,2024-12-15,YouTube,4951625,69460,1911
C662,2024-10-16,2024-11-13,Facebook,4714066,93178,7615
C663,2024-08-26,2024-09-04,YouTube,1867491,90208,9002
C664,2025-01-08,2025-01-28,Google,2908995,67556,2244
C665,2025-01-03,2025-01-25,YouTube,2219413,37800,6350
C666,2024-09-10,2024-09-27,Google,8779522,32654,780
C667,2024-10-08,2024-10-19,TikTok,4739904,11469,5658
C668,2024-10-30,2024-11-26,TikTok,3412969,18287,5346
C669,2024-11-17,2024-12-08,Facebook,4871293,52179,4484
C670,2025-01-09,2025-01-19,Facebook,3155327,22913,8655
C671,2024-11-19,2024-12-19,Facebook,8794570,38176,1153
C672,2024-11-21,2024-12-08,TikTok,3990390,48174,5529
C673,2024-09-01,2024-10-01,TikTok,7511312,34727,6348
C674,2024-09-27,2024-10-13,YouTube,4024813,79826,6944
C675,2024-12-02,2024-12-31,TikTok,8904051,18553,1317
C676,2024-11-09,2024-12-01,Facebook,9450822,95432,3582
C677,2024-12-23,2025-01-19,Google,4324922,63206,9360
C678,2024-12-15,2025-01-13,Google,8079383,24264,5338
C679,2025-01-01,2025-01-11,TikTok,5018562,97649,3044
C680,2025-01-01,2025-01-20,YouTube,7144238,83467,811
C681,2024-11-23,2024-12-23,YouTube,4844567,29684,7271
C682,2024-12-01,2024-12-25,TikTok,3822916,88039,8344
C683,2024-10-02,2024-10-13,YouTube,4708832,20911,8258
C684,2024-12-29,2025-01-22,YouTube,2182022,62926,6573
C685,2025-01-08,2025-01-26,YouTube,4109624,61600,751
C686,2024-10-31,2024-11-20,Google,5256650,46229,8283
C687,2024-09-26,2024-10-20,Facebook,6360590,62273,9536
C688,2024-08-17,2024-09-07,TikTok,4925302,94199,3079
C689,2024-12-05,2025-01-01,YouTube,3455133,30772,8825
C690,2024-11-24,2024-12-17,YouTube,5858530,93662,9342
C691,2024-10-09,2024-10-19,YouTube,5143949,33669,9281
C692,2024-11-09,2024-11-24,YouTube,3047269,95386,9849
C693,2024-10-04,2024-10-31,Google,3147388,80085,1619
C694,2024-11-04,2024-11-28,Facebook,3937035,80740,2510
C695,2024-10-29,2024-11-10,Facebook,8862136,20059,517
C696,2024-09-21,2024-09-30,Google,1375663,90133,4686
C697,2024-11-20,2024-12-17,Google,1041716,57419,6508
C698,2024-10-27,2024-11-06,YouTube,3301585,33011,3375
C699,2024-12-09,2025-01-07,TikTok,1277634,60448,5739
C700,2024-11-08,2024-11-17,Facebook,9087873,26788,682
C701,2024-09-03,2024-09-23,YouTube,2714005,35194,8871
C702,2024-11-20,2024-12-14,Google,5640129,51843,2134
C703,2024-08-24,2024-09-19,Facebook,7139090,59211,2261
C704,2024-09-15,2024-09-22,YouTube,7114516,36477,1225
C705,2024-12-25,2025-01-07,YouTube,6282402,55947,1915
C706,2024-09-24,2024-10-24,TikTok,4462821,16150,7189
C707,2024-09-03,2024-09-25,YouTube,1021061,91840,1758
C708,2024-10-11,2024-11-09,Facebook,6680632,61962,7688
C709,2024-11-22,2024-12-03,TikTok,5038280,56386,7701
C710,2024-09-01,2024-09-09,Facebook,9113793,92565,1352
C711,2024-08-27,2024-09-16,TikTok,9267348,52607,997
C712,2024-12-10,2024-12-23,Google,5291676,91652,4004
C713,2025-01-03,2025-01-29,TikTok,9795366,31241,4276
C714,2024-12-19,2025-01-06,TikTok,6419421,25267,9975
C715,2024-11-26,2024-12-09,Facebook,4242736,31841,3133
C716,2024-12-17,2025-01-10,TikTok,4875734,89715,8634
C717,2024-11-15,2024-12-04,TikTok,7837427,18975,7699
C718,2024-10-18,2024-11-05,Google,2692224,11117,7987
C719,2024-10-25,2024-11-14,YouTube,1595556,22831,2641
C720,2024-08-22,2024-09-05,Facebook,4969732,14051,7171
C721,2025-01-08,2025-02-05,Google,4531728,22775,3659
C722,2024-11-04,2024-11-28,TikTok,7920492,53098,4329
C723,2024-09-15,2024-10-02,TikTok,9495302,99031,1052
C724,2024-10-23,2024-11-18,TikTok,3134872,96033,6783
C725,2025-01-08,2025-02-03,TikTok,2111455,21486,9932
C726,2024-10-23,2024-11-07,Google,5496965,69623,8461
C727,2024-12-14,2024-12-24,YouTube,1102504,33574,3677
C728,2024-12-03,2024-12-19,TikTok,4022207,58358,5241
C729,2024-10-09,2024-10-18,TikTok,4494849,64169,3861
C730,2024-11-20,2024-12-18,Google,9186364,53477,572
C731,2024-10-30,2024-11-18,TikTok,9264512,19889,4473
C732,2024-12-09,2024-12-17,YouTube,5163894,26480,8506
C733,2024-12-10,2024-12-20,YouTube,4410364,23796,7887
C734,2024-10-11,2024-10-27,YouTube,3359450,65002,8816
C735,2024-12-04,2024-12-22,Google,2736612,29010,8777
C736,2025-01-11,2025-02-09,Google,5570233,57381,8994
C737,2024-12-10,2025-01-04,Google,5665826,87122,9692
C738,2024-09-20,2024-09-30,TikTok,5146601,76069,2327
C739,2024-11-14,2024-12-13,Google,9535302,22806,525
C740,2025-01-05,2025-01-24,Google,9684318,53377,6747
C741,2024-09-15,2024-09-22,YouTube,3239489,73702,8006
C742,2024-09-09,2024-09-25,Facebook,1839513,87775,7756
C743,2025-01-12,2025-01-27,TikTok,8257543,66175,3639
C744,2024-10-03,2024-10-28,TikTok,2722715,59458,2798
C745,2024-08-20,2024-09-19,TikTok,7555702,81086,8937
C746,2024-09-01,2024-09-16,TikTok,7702831,36609,1964
C747,2024-09-01,2024-09-25,YouTube,4315726,20181,4477
C748,2024-08-26,2024-09-23,TikTok,7465660,93996,7679
C749,2024-08-23,2024-09-22,YouTube,8262655,25357,4273
C750,2024-11-25,2024-12-19,YouTube,5876818,91128,5461
C751,2024-08-18,2024-09-16,TikTok,6371984,22510,5033
C752,2024-10-25,2024-11-04,Google,5137363,34661,9249
C753,2024-10-31,2024-11-15,YouTube,9062490,28395,8546
C754,2024-12-09,2025-01-05,YouTube,8123290,50861,4026
C755,2024-08-24,2024-09-05,Google,4612379,78555,8893
C756,2024-12-08,2024-12-25,YouTube,3043244,29674,5063
C757,2024-09-16,2024-10-13,YouTube,6724729,75345,7069
C758,2024-09-25,2024-10-07,Google,3524204,55197,750
C759,2024-09-23,2024-10-05,TikTok,3433183,71735,1872
C760,2024-09-19,2024-10-05,TikTok,6245288,94311,1165
C761,2024-08-18,2024-09-04,YouTube,7889414,81460,997
C762,2024-10-24,2024-11-04,TikTok,4007418,19563,1789
C763,2024-08-29,2024-09-17,YouTube,6215031,90790,655
C764,2025-01-09,2025-01-27,YouTube,6089684,64734,5197
C765,2024-12-20,2025-01-10,TikTok,4213777,76198,2939
C766,2024-10-05,2024-11-04,YouTube,2498506,86645,2859
C767,2025-01-05,2025-02-01,YouTube,8892395,89138,563
C768,2025-01-10,2025-01-18,YouTube,9287156,80759,2924
C769,2024-12-29,2025-01-14,Facebook,9264728,74674,8135
C770,2024-09-25,2024-10-03,Facebook,3724119,38446,5641
C771,2024-12-23,2025-01-15,Facebook,8555822,59926,2320
C772,2024-08-26,2024-09-05,TikTok,5718733,72241,7364
C773,2025-01-11,2025-02-02,TikTok,9376634,29209,4609
C774,2024-10-08,2024-10-28,YouTube,5851321,10865,1097
C775,2024-10-30,2024-11-09,YouTube,5637903,84986,587
C776,2024-10-12,2024-11-08,TikTok,6851334,93800,7099
C777,2024-08-30,2024-09-08,Google,9493369,31763,2636
C778,2024-12-27,2025-01-22,Google,8204605,45548,2781
C779,2024-12-26,2025-01-17,TikTok,4438165,70835,2817
C780,2024-12-13,2024-12-25,TikTok,6015561,39641,3362
C781,2024-11-25,2024-12-14,TikTok,8579496,19633,3326
C782,2025-01-10,2025-01-28,YouTube,9020082,41486,5471
C783,2024-11-22,2024-12-05,Google,5140221,59340,6093
C784,2024-10-23,2024-11-18,Google,4016594,33522,9775
C785,2024-12-11,2025-01-10,Facebook,7651297,71654,9183
C786,2025-01-01,2025-01-27,Facebook,5695561,41920,4701
C787,2024-11-01,2024-11-19,TikTok,9593152,81989,9281
C788,2024-10-23,2024-11-14,Google,6701400,18387,1790
C789,2024-08-25,2024-09-12,Facebook,4468580,61221,8440
C790,2024-10-08,2024-11-06,YouTube,6003863,52896,5825
C791,2024-10-22,2024-11-07,TikTok,1894357,23920,4968
C792,2024-12-02,2024-12-20,TikTok,4164110,97910,8902
C793,2024-11-07,2024-12-06,TikTok,9794204,94643,1878
C794,2024-08-19,2024-09-17,Google,7795906,96508,3263
C795,2024-11-10,2024-11-24,TikTok,7959137,36110,4594
C796,2024-09-30,2024-10-25,Google,2296675,16514,9877
C797,2024-12-07,2024-12-16,TikTok,5230772,78531,8058
C798,2024-11-21,2024-12-18,Facebook,1298381,18442,8094
C799,2024-11-03,2024-11-25,YouTube,2921360,10027,3109
C800,2024-10-27,2024-11-11,Facebook,2679858,86912,5963
C801,2024-10-02,2024-10-10,YouTube,2449895,47648,8485
C802,2025-01-13,2025-02-06,Google,8774062,47405,9171
C803,2024-09-28,2024-10-17,Google,7110775,18949,541
C804,2024-10-14,2024-11-01,Facebook,1782951,46867,6361
C805,2024-09-05,2024-09-29,Facebook,8712696,77443,6132
C806,2024-12-17,2025-01-14,Google,1462729,33149,8750
C807,2024-08-29,2024-09-13,YouTube,3031836,65306,3170
C808,2024-09-11,2024-10-11,YouTube,6004452,97497,3870
C809,2024-08-25,2024-09-10,TikTok,1506511,70252,5561
C810,2024-10-03,2024-10-13,Facebook,5421861,48122,1759
C811,2024-10-05,2024-11-02,Google,6784200,72364,4714
C812,2024-10-12,2024-11-04,YouTube,7548999,86801,1189
C813,2024-09-04,2024-09-27,Facebook,3447058,29076,8106
C814,2024-11-16,2024-11-24,Google,8416650,68358,8392
C815,2024-12-28,2025-01-21,TikTok,6224399,72973,7717
C816,2024-10-06,2024-10-31,Google,3872516,68747,3069
C817,2024-10-23,2024-11-08,TikTok,3490223,53570,5643
C818,2024-09-16,2024-10-07,YouTube,6386383,98843,3650
C819,2024-10-01,2024-10-23,Facebook,3104044,62904,5385
C820,2025-01-13,2025-01-31,TikTok,3501850,72273,6547
C821,2024-12-01,2024-12-24,YouTube,2183450,61597,8653
C822,2024-10-30,2024-11-22,Facebook,3364575,60866,5041
C823,2024-11-29,2024-12-24,TikTok,3312231,77597,2631
C824,2024-11-18,2024-11-30,Google,4612641,15401,7591
C825,2024-11-07,2024-12-03,Facebook,1884189,92209,7821
C826,2024-09-14,2024-10-08,Facebook,7750115,64972,8147
C827,2024-09-30,2024-10-16,TikTok,5553944,68798,2216
C828,2024-11-09,2024-11-20,YouTube,2430583,88380,1186
C829,2024-09-26,2024-10-25,TikTok,1882484,47652,8848
C830,2024-12-25,2025-01-20,Facebook,2559690,64112,1646
C831,2024-10-09,2024-10-23,TikTok,6315953,39046,914
C832,2024-10-03,2024-10-20,YouTube,8871721,65908,3756
C833,2024-12-18,2025-01-05,Google,8838917,88139,2176
C834,2024-10-13,2024-10-24,TikTok,1707895,79321,3348
C835,2024-11-07,2024-11-14,TikTok,8097673,93159,7309
C836,2024-11-29,2024-12-17,YouTube,8363506,19964,2682
C837,2024-11-26,2024-12-03,TikTok,6504226,12287,5034
C838,2024-10-02,2024-10-27,Facebook,5317480,39208,9994
C839,2024-10-18,2024-11-05,YouTube,5728553,93485,4330
C840,2024-09-16,2024-10-16,Facebook,8797796,98654,4134
C841,2024-12-07,2024-12-16,TikTok,5245682,47119,4249
C842,2024-11-09,2024-12-07,Facebook,4525429,52442,5180
C843,2024-10-04,2024-10-26,Facebook,7562259,52192,6429
C844,2024-11-01,2024-11-08,Facebook,2422366,98918,644
C845,2024-12-10,2025-01-07,YouTube,7624989,46297,5798
C846,2024-10-03,2024-10-20,YouTube,1531870,68314,3719
C847,2024-10-07,2024-10-21,TikTok,3412220,85348,5642
C848,2024-09-10,2024-09-20,Google,9481462,92948,5888
C849,2024-10-09,2024-11-04,Facebook,5041354,20210,7322
C850,2024-12-29,2025-01-17,Google,8495321,68063,3762
C851,2024-08-21,2024-09-19,Google,1555689,67319,998
C852,2024-10-20,2024-10-28,Facebook,7012322,64228,3958
C853,2024-12-27,2025-01-12,Google,6898870,47949,9883
C854,2024-09-25,2024-10-14,YouTube,4158669,33576,4427
C855,2024-11-27,2024-12-25,TikTok,7368574,96010,1148
C856,2024-09-06,2024-09-18,TikTok,4544960,88381,8165
C857,2024-09-12,2024-10-06,Facebook,2359013,49383,7095
C858,2024-12-07,2024-12-27,Facebook,7667639,97144,3694
C859,2025-01-04,2025-01-29,Facebook,7869920,97285,8361
C860,2024-09-03,2024-09-12,Google,1713467,38644,7639
C861,2024-12-31,2025-01-25,Google,2764094,35613,4128
C862,2024-11-27,2024-12-16,Facebook,4362529,34014,1275
C863,2025-01-11,2025-01-29,TikTok,6284345,93813,8106
C864,2024-10-04,2024-10-27,TikTok,9834189,44046,3230
C865,2025-01-04,2025-01-28,Google,9510247,16972,4427
C866,2025-01-14,2025-01-24,TikTok,1756728,73034,3551
C867,2024-12-09,2024-12-29,Google,6386470,88377,6405
C868,2024-09-28,2024-10-06,Google,8000720,83439,7666
C869,2024-10-15,2024-10-31,Facebook,1668757,57348,5877
C870,2024-10-20,2024-11-05,Google,6913318,14356,5083
C871,2024-09-06,2024-09-23,Google,5818930,30954,8383
C872,2024-09-01,2024-10-01,Facebook,1041943,30468,2680
C873,2024-09-14,2024-10-14,Google,9128248,44540,9224
C874,2024-11-17,2024-12-01,Facebook,2788994,22240,5875
C875,2024-09-06,2024-09-18,Google,1780266,29113,8277
C876,2024-12-30,2025-01-10,Google,3198130,66642,4602
C877,2024-10-16,2024-11-08,Facebook,3799160,24237,4074
C878,2024-10-01,2024-10-10,Facebook,8251691,50712,8716
C879,2024-09-22,2024-10-19,YouTube,8305319,60060,9456
C880,2024-10-12,2024-10-23,Google,8446307,78814,1103
C881,2024-12-10,2025-01-09,Facebook,3599802,76513,8162
C882,2024-11-21,2024-12-21,Google,3008561,81939,2059
C883,2024-11-18,2024-11-27,Facebook,8183806,94029,8423
C884,2024-12-24,2024-12-31,Facebook,6613754,17879,5117
C885,2024-12-06,2025-01-05,Google,3896084,37273,1621
C886,2024-12-29,2025-01-20,YouTube,5120643,52309,6371
C887,2024-10-16,2024-10-31,TikTok,7069423,34596,8001
C888,2024-10-25,2024-11-13,Google,9431417,39595,2182
C889,2024-11-08,2024-11-24,Facebook,1364341,10684,6865
C890,2024-09-14,2024-09-22,TikTok,8618944,11203,4643
C891,2024-09-02,2024-09-24,TikTok,2915010,24519,9235
C892,2024-08-27,2024-09-17,TikTok,4881076,23636,9018
C893,2024-12-06,2024-12-21,Facebook,9273782,36578,8023
C894,2024-11-27,2024-12-23,YouTube,8594548,69557,5366
C895,2024-11-24,2024-12-15,Google,8216074,17956,6869
C896,2025-01-12,2025-01-30,TikTok,7610489,32335,1024
C897,2024-10-09,2024-11-04,YouTube,9264178,29263,2472
C898,2025-01-10,2025-01-18,YouTube,1574037,76799,826
C899,2024-11-29,2024-12-10,TikTok,3571456,90689,8261
C900,2025-01-01,2025-01-09,Google,8091124,32997,3651
C901,2024-10-22,2024-11-05,Facebook,2655346,54739,2796
C902,2024-10-09,2024-10-19,Facebook,5339496,75800,1290
C903,2024-12-09,2024-12-22,Facebook,2221247,45066,7467
C904,2024-12-02,2024-12-18,Google,9125382,72961,2196
C905,2024-11-17,2024-12-05,TikTok,1813217,29574,2394
C906,2024-09-16,2024-09-26,YouTube,3650145,64738,7274
C907,2024-10-26,2024-11-15,Facebook,7838251,36416,3808
C908,2024-10-28,2024-11-07,TikTok,5046295,38769,6833
C909,2024-11-11,2024-12-03,TikTok,7066823,79985,1811
C910,2024-11-04,2024-11-17,TikTok,1819501,11961,3192
C911,2024-09-23,2024-10-18,Facebook,4114755,23978,3914
C912,2024-10-05,2024-10-25,Facebook,1095525,13876,2969
C913,2024-11-10,2024-12-04,TikTok,6708252,40402,4708
C914,2024-09-01,2024-09-20,Google,2696605,59203,4989
C915,2024-08-22,2024-09-19,Google,2226339,19569,6149
C916,2024-11-29,2024-12-28,Facebook,4069547,67934,9244
C917,2024-08-26,2024-09-12,TikTok,1177391,36548,5155
C918,2024-11-02,2024-11-14,Google,6574258,36728,1477
C919,2024-08-28,2024-09-14,Facebook,8003645,57222,5732
C920,2024-12-09,2024-12-31,Google,7001019,44846,5791
C921,2024-11-06,2024-11-28,Facebook,2284787,61906,4421
C922,2024-12-31,2025-01-08,Facebook,8941098,58175,2079
C923,2024-11-21,2024-12-12,Facebook,6901854,56072,6419
C924,2024-12-24,2025-01-17,YouTube,1840410,15847,1514
C925,2024-11-18,2024-12-13,Google,7206194,46476,7490
C926,2024-10-11,2024-10-25,YouTube,9696913,33772,7394
C927,2024-11-05,2024-11-29,YouTube,4917379,95569,9305
C928,2024-12-18,2024-12-26,YouTube,9298527,90051,3518
C929,2024-08-31,2024-09-27,Google,2722050,95695,5198
C930,2024-11-22,2024-12-22,Facebook,8668447,42642,8708
C931,2024-10-06,2024-11-03,YouTube,5506960,96884,714
C932,2024-10-29,2024-11-15,Facebook,3964521,11797,722
C933,2024-11-29,2024-12-21,YouTube,5928091,51493,9396
C934,2024-09-29,2024-10-16,TikTok,3163200,31782,5266
C935,2024-11-20,2024-12-06,Facebook,3395566,16648,9394
C936,2024-08-22,2024-09-05,Facebook,1606012,56361,4739
C937,2024-10-22,2024-11-03,Google,1839279,34982,1665
C938,2024-12-30,2025-01-25,YouTube,2426013,46279,6579
C939,2024-10-02,2024-10-30,TikTok,7566222,67232,7971
C940,2024-10-31,2024-11-13,TikTok,5935762,79826,2579
C941,2024-11-01,2024-11-30,TikTok,4483024,44253,4425
C942,2024-08-29,2024-09-24,Google,1729804,43387,819
C943,2024-10-23,2024-10-30,TikTok,9260806,41597,856
C944,2024-11-17,2024-11-28,Google,2352708,99289,7884
C945,2024-11-06,2024-11-21,TikTok,7710829,13196,8574
C946,2024-10-29,2024-11-16,Facebook,3987706,19403,1422
C947,2025-01-05,2025-01-21,Google,4330367,90974,6621
C948,2024-10-12,2024-11-04,Facebook,2835138,47593,6231
C949,2024-10-13,2024-11-05,TikTok,7870148,78719,3223
C950,2024-09-29,2024-10-10,Google,9851873,39110,5947
C951,2024-11-14,2024-12-11,Google,5457675,51380,2907
C952,2024-12-27,2025-01-17,YouTube,6732725,77576,9306
C953,2024-09-28,2024-10-16,Google,9706469,73851,1210
C954,2024-11-10,2024-12-01,Google,2217690,46614,8688
C955,2024-10-18,2024-11-14,Google,1858009,17270,3048
C956,2024-12-07,2024-12-28,Facebook,7474294,33412,8603
C957,2024-09-13,2024-09-29,TikTok,9470988,56756,3192
C958,2024-09-12,2024-10-03,Google,5129724,83506,637
C959,2024-11-30,2024-12-12,YouTube,1969747,48889,6056
C960,2024-11-12,2024-11-24,Google,1852833,65146,7708
C961,2024-09-11,2024-10-08,Facebook,4872697,52832,1808
C962,2024-08-18,2024-08-30,YouTube,1538506,95451,7227
C963,2024-12-11,2024-12-21,YouTube,9193494,11383,7129
C964,2024-08-30,2024-09-15,TikTok,2370947,19912,6651
C965,2024-12-02,2024-12-12,Facebook,4854737,64916,3614
C966,2024-11-30,2024-12-17,Google,2867699,93601,9123
C967,2024-12-11,2025-01-10,Facebook,5548670,19391,3589
C968,2024-10-10,2024-10-26,Google,9022364,90243,5774
C969,2025-01-11,2025-02-01,Google,2929589,76041,1488
C970,2024-09-14,2024-10-08,Facebook,5628542,84872,9816
C971,2024-10-05,2024-10-22,YouTube,8745519,78151,838
C972,2024-12-07,2024-12-15,Facebook,3098480,74263,8953
C973,2024-11-23,2024-12-06,Google,2700614,92817,3631
C974,2024-11-18,2024-12-18,YouTube,6903601,64141,7893
C975,2024-09-26,2024-10-20,Facebook,8595743,17945,5903
C976,2024-12-21,2025-01-08,Google,1667577,39832,2818
C977,2024-12-12,2024-12-26,YouTube,1439224,79841,6598
C978,2024-10-26,2024-11-05,TikTok,3448527,31760,9220
C979,2024-10-05,2024-10-12,YouTube,2680394,66202,6182
C980,2024-09-10,2024-09-29,Facebook,7624246,72471,6820
C981,2024-12-25,2025-01-03,Google,3963633,66422,4888
C982,2024-10-22,2024-11-09,Google,1919466,79982,556
C983,2024-10-11,2024-11-10,TikTok,9926522,47614,7656
C984,2024-11-21,2024-12-07,YouTube,9190890,33100,4306
C985,2025-01-11,2025-02-10,YouTube,4114420,53688,2286
C986,2024-09-20,2024-10-06,Facebook,5513436,72071,7532
C987,2024-11-11,2024-11-25,TikTok,7162387,48985,8788
C988,2024-12-28,2025-01-18,Google,3581065,40116,3004
C989,2024-12-23,2024-12-30,TikTok,8736783,65949,9555
C990,2024-10-24,2024-11-18,TikTok,3665730,93572,1322
C991,2024-12-03,2024-12-27,YouTube,9204203,52194,8002
C992,2024-10-04,2024-10-22,YouTube,9253444,47786,4875
C993,2024-12-29,2025-01-05,Facebook,4147643,79812,3165
C994,2025-01-13,2025-02-01,YouTube,6437156,76826,9034
C995,2024-10-23,2024-11-11,Facebook,5430498,99186,8797
C996,2024-08-28,2024-09-19,Facebook,2892111,66675,2535
C997,2024-10-21,2024-11-14,TikTok,1968494,42980,3870
C998,2024-09-24,2024-10-14,Google,2461675,13283,1561
C999,2024-08-20,2024-09-14,YouTube,2416587,33122,5148
C1000,2024-08-18,2024-09-08,TikTok,5933763,53031,2849
